use actnow24;

-- Inserindo dados na tabela de turnos do dia
insert into turnodia(turnomeclatura)
values ('Manhã'),
		('Tarde'),
        ('Noite');

-- Inserindo dados na tabela de dias da semana
insert into diasemana(dsnomeclatura)
values ('Segunda-Feira'),
		('Terça-Feira'),
        ('Quarta-Feira'),
        ('Quinta-Feira'),
        ('Sexta-Feira'),
        ('Sábado'),
        ('Domingo');
        
-- Inserindo dados na tabela de habilidades
insert into habilidade(habnome)
values ('Artesanato'),
		('Marcenaria'),
		('Costura'),
		('Cerâmica'),
		('Pintura'),
		('Jardinagem'),
		('Construção Civil'),
		('Encanador'),
		('Eletricista'),
		('Esculpir'),
		('Joalheria'),
		('Tecelagem'),
		('Serralheria'),
		('Bordado'),
		('Vidraria'),
		('Encadernação'),
		('Carpintaria');

-- Inserindo dadois na tabela de estados do brasil
insert into estado(estsigla, estnome)
values ('AC', 'Acre'),
		('AL', 'Alagoas'),
		('AP', 'Amapá'),
		('AM', 'Amazonas'),
		('BA', 'Bahia'),
		('CE', 'Ceará'),
		('DF', 'Distrito Federal'),
		('ES', 'Espírito Santo'),
		('GO', 'Goiás'),
		('MA', 'Maranhão'),
		('MT', 'Mato Grosso'),
		('MS', 'Mato Grosso do Sul'),
		('MG', 'Minas Gerais'),
		('PA', 'Pará'),
		('PB', 'Paraíba'),
		('PR', 'Paraná'),
		('PE', 'Pernambuco'),
		('PI', 'Piauí'),
		('RJ', 'Rio de Janeiro'),
		('RN', 'Rio Grande do Norte'),
		('RS', 'Rio Grande do Sul'),
		('RO', 'Rondônia'),
		('RR', 'Roraima'),
		('SC', 'Santa Catarina'),
		('SP', 'São Paulo'),
		('SE', 'Sergipe'),
		('TO', 'Tocantins');

-- Inserindo dados do Acre na tabela de cidade 
insert into cidade(cidnome, cidestcod)
values ('Rio Branco', 1),
		('Cruzeiro do Sul', 1),
		('Sena Madureira', 1),
		('Tarauacá', 1),
		('Feijó', 1),
		('Plácido de Castro', 1),
		('Xapuri', 1),
		('Brasiléia', 1),
		('Mâncio Lima', 1),
		('Porto Acre', 1),
		('Epitaciolândia', 1),
		('Assis Brasil', 1),
		('Senador Guiomard', 1),
		('Jordão', 1),
		('Manoel Urbano', 1),
		('Santa Rosa do Purus', 1),
		('Porto Walter', 1),
		('Bujari', 1),
		('Capixaba', 1),
		('Marechal Thaumaturgo', 1);
        
-- Inserindo dados do Alagoas na tabela de cidade 
insert into cidade(cidnome, cidestcod)
values ('Maceió', 2),
		('Arapiraca', 2),
		('Rio Largo', 2),
		('Palmeira dos Índios', 2),
		('Marechal Deodoro', 2),
		('Penedo', 2),
		('São Miguel dos Campos', 2),
		('Campo Alegre', 2),
		('União dos Palmares', 2),
		('Delmiro Gouveia', 2),
		('Coruripe', 2),
		('Atalaia', 2),
		('Santana do Ipanema', 2),
		('Teotônio Vilela', 2),
		('Girau do Ponciano', 2),
		('Satuba', 2),
		('Murici', 2),
		('Pilar', 2),
		('São Luís do Quitunde', 2),
		('São José da Tapera', 2);
        
-- Inserindo dados do Amapá na tabela de cidade 
insert into cidade(cidnome, cidestcod)
values ('Macapá', 3),
		('Santana', 3),
		('Laranjal do Jari', 3),
		('Oiapoque', 3),
		('Porto Grande', 3),
		('Mazagão', 3),
		('Tartarugalzinho', 3),
		('Pedra Branca do Amapari', 3),
		('Serra do Navio', 3),
		('Cutias', 3),
		('Ferreira Gomes', 3),
		('Calçoene', 3),
		('Itaubal', 3),
		('Pracuúba', 3),
		('Amapá', 3),
		('Vitória do Jari', 3),
		('Serra do Navio', 3),
		('Tartarugalzinho', 3),
		('Pedra Branca do Amapari', 3);
        
-- Inserindo dados do Amazonas na tabela de cidade 
insert into cidade(cidnome, cidestcod)
values ('Manaus', 4),
		('Parintins', 4),
		('Itacoatiara', 4),
		('Coari', 4),
		('Tabatinga', 4),
		('Maués', 4),
		('Tefé', 4),
		('Manicoré', 4),
		('Humaitá', 4),
		('Borba', 4),
		('São Gabriel da Cachoeira', 4),
		('Eirunepé', 4),
		('Autazes', 4),
		('Nova Olinda do Norte', 4),
		('Barreirinha', 4),
		('Boca do Acre', 4),
		('São Paulo de Olivença', 4),
		('Benjamin Constant', 4),
		('Manacapuru', 4);
        
-- Inserindo dados da Bahia na tabela de cidade 
insert into cidade(cidnome, cidestcod)
values ('Salvador', 5),
		('Feira de Santana', 5),
		('Vitória da Conquista', 5),
		('Camaçari', 5),
		('Itabuna', 5),
		('Juazeiro', 5),
		('Ilhéus', 5),
		('Lauro de Freitas', 5),
		('Jequié', 5),
		('Teixeira de Freitas', 5),
		('Alagoinhas', 5),
		('Barreiras', 5),
		('Porto Seguro', 5),
		('Simões Filho', 5),
		('Paulo Afonso', 5),
		('Santo Antônio de Jesus', 5),
		('Valença', 5),
		('Eunápolis', 5),
		('Serrinha', 5),
		('Luís Eduardo Magalhães', 5);

-- Inserindo dados do Ceará tabela de cidade 
insert into cidade(cidnome, cidestcod)
values ('Fortaleza', 6),
		('Caucaia', 6),
		('Juazeiro do Norte', 6),
		('Maracanaú', 6),
		('Sobral', 6),
		('Itapipoca', 6),
		('Crato', 6),
		('Quixadá', 6),
		('Iguatu', 6),
		('Pacatuba', 6),
		('Quixeramobim', 6),
		('Russas', 6),
		('Canindé', 6),
		('Crateús', 6),
		('Aracati', 6),
		('Cascavel', 6),
		('Icó', 6),
		('Tianguá', 6),
		('Horizonte', 6);

-- Inserindo dados do Distrito Federal na tabela de cidade 
insert into cidade(cidnome, cidestcod)
values ('Brasília', 7),
		('Ceilândia', 7),
		('Taguatinga', 7),
		('Planaltina', 7),
		('Gama', 7),
		('Santa Maria', 7),
		('Sobradinho', 7),
		('Paranoá', 7),
		('Núcleo Bandeirante', 7),
		('Águas Claras', 7),
		('Candangolândia', 7),
		('Riacho Fundo', 7),
		('Samambaia', 7),
		('Brazlândia', 7),
		('São Sebastião', 7),
		('Recanto das Emas', 7),
		('Lago Sul', 7),
		('Varjão', 7),
		('Lago Norte', 7),
		('Itapoã', 7);

-- Inserindo dados do Espírito Santo na tabela de cidade 
insert into cidade(cidnome, cidestcod)
values ('Vitória', 8),
		('Vila Velha', 8),
		('Serra', 8),
		('Cariacica', 8),
		('Cachoeiro de Itapemirim', 8),
		('Linhares', 8),
		('São Mateus', 8),
		('Colatina', 8),
		('Guarapari', 8),
		('Aracruz', 8),
		('Nova Venécia', 8),
		('Barra de São Francisco', 8),
		('Castelo', 8),
		('Itapemirim', 8),
		('Marataízes', 8),
		('Rio Bananal', 8),
		('Santa Teresa', 8),
		('Jaguaré', 8),
		('Viana', 8),
		('Anchieta', 8);

-- Inserindo dados de Goiás na tabela de cidade 
insert into cidade(cidnome, cidestcod)
values ('Goiânia', 9),
		('Aparecida de Goiânia', 9),
		('Anápolis', 9),
		('Rio Verde', 9),
		('Luziânia', 9),
		('Águas Lindas de Goiás', 9),
		('Valparaíso de Goiás', 9),
		('Trindade', 9),
		('Formosa', 9),
		('Novo Gama', 9),
		('Itumbiara', 9),
		('Senador Canedo', 9),
		('Catalão', 9),
		('Jataí', 9),
		('Caldas Novas', 9),
		('Planaltina', 9),
		('Porangatu', 9),
		('Cristalina', 9),
		('Jaraguá', 9),
		('Niquelândia', 9);

-- Inserindo dados do Maranhão na tabela de cidade 
insert into cidade(cidnome, cidestcod)
values ('São Luís', 10),
		('Imperatriz', 10),
		('São José de Ribamar', 10),
		('Timon', 10),
		('Caxias', 10),
		('Codó', 10),
		('Paço do Lumiar', 10),
		('Açailândia', 10),
		('Bacabal', 10),
		('Balsas', 10),
		('Barra do Corda', 10),
		('Santa Inês', 10),
		('Pinheiro', 10),
		('Chapadinha', 10),
		('Coroatá', 10),
		('Tutóia', 10),
		('Pedreiras', 10),
		('Grajaú', 10),
		('Coelho Neto', 10);

-- Inserindo dados do Mato Grosso na tabela de cidade 
insert into cidade(cidnome, cidestcod)
values ('Cuiabá', 11),
		('Várzea Grande', 11),
		('Rondonópolis', 11),
		('Sinop', 11),
		('Tangará da Serra', 11),
		('Cáceres', 11),
		('Sorriso', 11),
		('Lucas do Rio Verde', 11),
		('Primavera do Leste', 11),
		('Barra do Garças', 11),
		('Alta Floresta', 11),
		('Ponta Porã', 11),
		('Campo Verde', 11),
		('Juína', 11),
		('Colíder', 11),
		('Juara', 11),
		('Pontes e Lacerda', 11),
		('Barra do Bugres', 11),
		('Guarantã do Norte', 11);

-- Inserindo dados do Mato Grosso do Sul na tabela de cidade 
insert into cidade(cidnome, cidestcod)
values ('Campo Grande', 12),
		('Dourados', 12),
		('Três Lagoas', 12),
		('Corumbá', 12),
		('Ponta Porã', 12),
		('Naviraí', 12),
		('Nova Andradina', 12),
		('Aquidauana', 12),
		('Paranaíba', 12),
		('Maracaju', 12),
		('Amambai', 12),
		('Rio Brilhante', 12),
		('Coxim', 12),
		('Caarapó', 12),
		('Miranda', 12),
		('Sidrolândia', 12),
		('Jardim', 12),
		('Bela Vista', 12),
		('Cassilândia', 12),
		('Ivinhema', 12);

-- Inserindo dados de Minas Gerais na tabela de cidade 
insert into cidade(cidnome, cidestcod)
values ('Belo Horizonte', 13),
		('Uberlândia', 13),
		('Contagem', 13),
		('Juiz de Fora', 13),
		('Betim', 13),
		('Montes Claros', 13),
		('Ribeirão das Neves', 13),
		('Uberaba', 13),
		('Governador Valadares', 13),
		('Ipatinga', 13),
		('Sete Lagoas', 13),
		('Divinópolis', 13),
		('Santa Luzia', 13),
		('Ibirité', 13),
		('Poços de Caldas', 13),
		('Patos de Minas', 13),
		('Teófilo Otoni', 13),
		('Sabará', 13),
		('Pouso Alegre', 13),
		('Varginha', 13);

-- Inserindo dados do Pará na tabela de cidade 
insert into cidade(cidnome, cidestcod)
values ('Belém', 14),
		('Ananindeua', 14),
		('Marabá', 14),
		('Parauapebas', 14),
		('Castanhal', 14),
		('Abaetetuba', 14),
		('Itaituba', 14),
		('Cametá', 14),
		('Bragança', 14),
		('Marabá', 14),
		('Tucuruí', 14),
		('Altamira', 14),
		('Paragominas', 14),
		('Tailândia', 14),
		('Breves', 14),
		('Santarém', 14),
		('Redenção', 14),
		('Moju', 14),
		('Oriximiná', 14);

-- Inserindo dados de Paraíba na tabela de cidade 
insert into cidade(cidnome, cidestcod)
values ('João Pessoa', 15),
		('Campina Grande', 15),
		('Santa Rita', 15),
		('Patos', 15),
		('Bayeux', 15),
		('Cabedelo', 15),
		('Sousa', 15),
		('Cajazeiras', 15),
		('Guarabira', 15),
		('Mamanguape', 15),
		('Queimadas', 15),
		('Rio Tinto', 15),
		('Lagoa Seca', 15),
		('Itaporanga', 15),
		('Conde', 15),
		('Catolé do Rocha', 15),
		('Esperança', 15),
		('Solânea', 15),
		('Pedras de Fogo', 15),
		('Itabaiana', 15);
        
-- Inserindo dados do Paraná na tabela de cidade 
insert into cidade(cidnome, cidestcod)
values ('Curitiba', 16),
		('Londrina', 16),
		('Maringá', 16),
		('Ponta Grossa', 16),
		('Cascavel', 16),
		('São José dos Pinhais', 16),
		('Foz do Iguaçu', 16),
		('Colombo', 16),
		('Guarapuava', 16),
		('Paranaguá', 16),
		('Apucarana', 16),
		('Toledo', 16),
		('Pinhais', 16),
		('Araucária', 16),
		('Campo Largo', 16),
		('Arapongas', 16),
		('Almirante Tamandaré', 16),
		('Umuarama', 16),
		('Piraquara', 16),
		('Cambé', 16);

-- Inserindo dados de Pernambuco na tabela de cidade 
insert into cidade(cidnome, cidestcod)
values ('Jaboatão dos Guararapes', 17),
		('Olinda', 17),
		('Caruaru', 17),
		('Petrolina', 17),
		('Paulista', 17),
		('Cabo de Santo Agostinho', 17),
		('Camaragibe', 17),
		('Garanhuns', 17),
		('Vitória de Santo Antão', 17),
		('Igarassu', 17),
		('São Lourenço da Mata', 17),
		('Santa Cruz do Capibaribe', 17),
		('Abreu e Lima', 17),
		('Serra Talhada', 17),
		('Araripina', 17),
		('Gravatá', 17),
		('Carpina', 17),
		('Goiana', 17),
		('Belo Jardim', 17);

-- Inserindo dados do Piauí na tabela de cidade 
insert into cidade(cidnome, cidestcod)
values ('Teresina', 18),
		('Parnaíba', 18),
		('Picos', 18),
		('Piripiri', 18),
		('Floriano', 18),
		('Campo Maior', 18),
		('Altos', 18),
		('José de Freitas', 18),
		('Barras', 18),
		('União', 18),
		('Esperantina', 18),
		('Oeiras', 18),
		('Pedro II', 18),
		('Luís Correia', 18),
		('Miguel Alves', 18),
		('Batalha', 18),
		('São Raimundo Nonato', 18),
		('Monsenhor Gil', 18),
		('Cocal', 18),
		('Água Branca', 18);

-- Inserindo dados do Rio de Janeiro na tabela de cidade 
insert into cidade(cidnome, cidestcod)
values ('Rio de Janeiro', 19),
		('São Gonçalo', 19),
		('Duque de Caxias', 19),
		('Nova Iguaçu', 19),
		('Niterói', 19),
		('Campos dos Goytacazes', 19),
		('Belford Roxo', 19),
		('São João de Meriti', 19),
		('Petrópolis', 19),
		('Volta Redonda', 19),
		('Magé', 19),
		('Itaboraí', 19),
		('Mesquita', 19),
		('Nova Friburgo', 19),
		('Barra Mansa', 19),
		('Macae', 19),
		('Cabo Frio', 19),
		('Nilópolis', 19),
		('Angra dos Reis', 19),
		('Teresópolis', 19);
        
-- Inserindo dados do Rio Grande do Norte na tabela de cidade 
insert into cidade(cidnome, cidestcod)
values ('Natal', 20),
		('Mossoró', 20),
		('Parnamirim', 20),
		('São Gonçalo do Amarante', 20),
		('Macaíba', 20),
		('Ceará-Mirim', 20),
		('Caicó', 20),
		('Açu', 20),
		('Currais Novos', 20),
		('São José de Mipibu', 20),
		('Apodi', 20),
		('Nova Cruz', 20),
		('João Câmara', 20),
		('Extremoz', 20),
		('Pau dos Ferros', 20),
		('Areia Branca', 20),
		('Santa Cruz', 20),
		('Canguaretama', 20),
		('Jucurutu', 20),
		('Baraúna', 20);


-- Inserindo dados do Rio Grande do Sul na tabela de cidade 
insert into cidade(cidnome, cidestcod)
values ('Porto Alegre', 21),
		('Caxias do Sul', 21),
		('Pelotas', 21),
		('Canoas', 21),
		('Gravataí', 21),
		('Viamão', 21),
		('Novo Hamburgo', 21),
		('São Leopoldo', 21),
		('Rio Grande', 21),
		('Passo Fundo', 21),
		('Sapucaia do Sul', 21),
		('Uruguaiana', 21),
		('Cachoeirinha', 21),
		('Bagé', 21),
		('Santa Cruz do Sul', 21),
		('Bento Gonçalves', 21),
		('Erechim', 21),
		('Guaíba', 21);

-- Inserindo dados de Rondônia na tabela de cidade 
insert into cidade(cidnome, cidestcod)
values ('Porto Velho', 22),
		('Ji-Paraná', 22),
		('Ariquemes', 22),
		('Vilhena', 22),
		('Cacoal', 22),
		('Rolim de Moura', 22),
		('Guajará-Mirim', 22),
		('Jaru', 22),
		('Ouro Preto do Oeste', 22),
		('Pimenta Bueno', 22),
		('Buritis', 22),
		('Espigão d Oeste', 22),
		('Candeias do Jamari', 22),
		('Nova Mamoré', 22),
		('Machadinho d Oeste', 22),
		('Cujubim', 22),
		('Alvorada d Oeste', 22),
		('Alta Floresta d Oeste', 22),
		('Presidente Médici', 22),
		('São Miguel do Guaporé', 22);

-- Inserindo dados de Roraima na tabela de cidade 
insert into cidade(cidnome, cidestcod)
values ('Boa Vista', 23),
		('Caracaraí', 23),
		('Rorainópolis', 23),
		('São Luiz', 23),
		('Mucajaí', 23),
		('Caroebe', 23),
		('Bonfim', 23),
		('Uiramutã', 23),
		('Normandia', 23),
		('Iracema', 23),
		('Amajari', 23),
		('Pacaraima', 23),
		('Caroebe', 23),
		('Alto Alegre', 23),
		('Mucajaí', 23),
		('São João da Baliza', 23);
        
-- Inserindo dados de Santa Catarina na tabela de cidade 
insert into cidade(cidnome, cidestcod)
values ('Florianópolis', 24),
		('Joinville', 24),
		('Blumenau', 24),
		('São José', 24),
		('Chapecó', 24),
		('Criciúma', 24),
		('Itajaí', 24),
		('Jaraguá do Sul', 24),
		('Palhoça', 24),
		('Lages', 24),
		('Balneário Camboriú', 24),
		('Brusque', 24),
		('Tubarão', 24),
		('São Bento do Sul', 24),
		('Caçador', 24),
		('Concórdia', 24),
		('Rio do Sul', 24),
		('Araranguá', 24),
		('Indaial', 24),
		('Imbituba', 24);

-- Inserindo dados de São Paulo na tabela de cidade 
insert into cidade(cidnome, cidestcod)
values ('São Paulo', 25),
		('Guarulhos', 25),
		('Campinas', 25),
		('São Bernardo do Campo', 25),
		('Osasco', 25),
		('Santo André', 25),
		('São José dos Campos', 25),
		('Ribeirão Preto', 25),
		('Sorocaba', 25),
		('Mauá', 25),
		('São José do Rio Preto', 25),
		('Mogi das Cruzes', 25),
		('Diadema', 25),
		('Jundiaí', 25),
		('Piracicaba', 25),
		('Carapicuíba', 25),
		('Bauru', 25),
		('Itaquaquecetuba', 25),
		('São Vicente', 25),
		('Santos', 25);

-- Inserindo dados de Sergipe na tabela de cidade 
insert into cidade(cidnome, cidestcod)
values ('Aracaju', 26),
		('Nossa Senhora do Socorro', 26),
		('Lagarto', 26),
		('Itabaiana', 26),
		('São Cristóvão', 26),
		('Estância', 26),
		('Nossa Senhora da Glória', 26),
		('Tobias Barreto', 26),
		('Itabaianinha', 26),
		('Simão Dias', 26),
		('Umbaúba', 26),
		('Capela', 26),
		('Propriá', 26),
		('Barra dos Coqueiros', 26),
		('Poço Verde', 26),
		('Boquim', 26),
		('Canindé de São Francisco', 26),
		('Laranjeiras', 26),
		('Carmópolis', 26),
		('Nossa Senhora das Dores', 26);

-- Inserindo dados de Tocantins na tabela de cidade 
insert into cidade(cidnome, cidestcod)
values ('Palmas', 27),
		('Araguaína', 27),
		('Gurupi', 27),
		('Porto Nacional', 27),
		('Paraíso do Tocantins', 27),
		('Araguatins', 27),
		('Colinas do Tocantins', 27),
		('Guaraí', 27),
		('Tocantinópolis', 27),
		('Dianópolis', 27),
		('Formoso do Araguaia', 27),
		('Miracema do Tocantins', 27), 
		('Pedro Afonso', 27),
		('Augustinópolis', 27),
		('Araguaçu', 27),
		('Nova Olinda', 27),
		('Wanderlândia', 27),
		('Xambioá', 27),
		('Alvorada', 27),
		('Ananás', 27);
        
-- Inserindo dados fictícios de usuário
insert into usuario(ususername, usemail, ususenha)
values ('user123', 'user123@example.com', 'senha'),
		('johndoe', 'johndoe@email.com', 'senha'),
		('alice22', 'alice22@fakeemail.com', 'senha'),
		('bobsmith', 'bobsmith@example.org', 'senha'),
		('emily87', 'emily87@mail.com', 'senha'),
		('samwilson', 'samwilson@emailprovider.com', 'senha'),
		('sarahmiller', 'sarahmiller@example.net', 'senha'),
		('davidbrown', 'davidbrown@fakemail.net', 'senha'),
		('laurawoods', 'laurawoods@email.org', 'senha'),
		('michaelcarter', 'michaelcarter@fakeemail.com', 'senha'),
		('juliascott', 'juliascott@example.org', 'senha'),
		('ryan98', 'ryan98@mail.com', 'senha'),
		('natalieparker', 'natalieparker@emailprovider.com', 'senha'),
		('kevinmason', 'kevinmason@example.net', 'senha'),
		('amandahill', 'amandahill@fakemail.org', 'senha'),
		('chrisgreen', 'chrisgreen@email.com', 'senha'),
		('ashleywhite', 'ashleywhite@example.com', 'senha'),
		('matthewadams', 'matthewadams@fakeemail.net', 'senha'),
		('oliviajones', 'oliviajones@mail.com', 'senha'),
		('danielwilson', 'danielwilson@example.net', 'senha');
 
-- inserindo dados de voluntários
insert into voluntario(volcpf, voluscod, volnome, volnomesocial, volbio, voltelefone, volcidcod)
values ('12345678910', 17, 'Ana Silva', 'André', 'Ana é uma profissional dedicada com uma paixão pela educação e pelo desenvolvimento infantil.', '55598765432', 8),
		('98765432100', 9, 'Pedro Oliveira', 'Patrícia', 'Pedro é um entusiasta da tecnologia que adora criar soluções inovadoras para problemas do dia a dia.', '55512345678', 19),
		('11122233344', 4, 'Mariana Santos', 'Mário', 'Mariana é uma artista talentosa que encontra inspiração nas cores vibrantes e na beleza da natureza.', '55533322233', 5),
		('55544433322', 12, 'Lucas Costa', 'Luiza', 'Lucas é um amante da natureza que aproveita cada oportunidade para explorar o mundo ao seu redor.', '55587654321', 14),
		('77788899911', 8, 'Carla Lima', 'Carlos', 'Carla é uma profissional de marketing com um olho afiado para as últimas tendências e estratégias de mercado.', '55511122233', 21),
		('22233344455', 16, 'Fernanda Pereira', 'Felipe', 'Fernanda é uma escritora talentosa que tem o dom de encantar seus leitores com histórias cativantes.', '55544455566', 12),
		('66677788899', 5, 'Gustavo Almeida', 'Gabriela', 'Gustavo é um entusiasta do fitness que acredita na importância de uma vida ativa e saudável.', '55577788899', 3),
		('99988877766', 19, 'Rafaela Souza', 'Rafael', 'Rafaela é uma empreendedora determinada que está sempre em busca de novas oportunidades de negócio.', '55522233344', 17),
		('33322211100', 10, 'Paulo Oliveira', 'Paula', 'Paulo é um fotógrafo apaixonado que encontra beleza até nos detalhes mais simples da vida cotidiana.', '55555566677', 10),
		('44455566677', 7, 'Ana Costa', 'André', 'Ana é uma entusiasta da culinária que adora experimentar novas receitas e compartilhar suas criações com amigos e familiares.', '55533344455', 23); 


-- inserindo habilidades de voiluntários
insert into voluntariohabilidade(volhabid, volhabcpf)
values (10, '12345678910'),
		(7, '11122233344'),
		(14, '77788899911'),
		(12, '33322211100'),
		(6, '44455566677'),
		(17, '98765432100'),
		(4, '11122233344'),
		(13, '55544433322'),
		(8, '22233344455'),
		(11, '99988877766'),
		(1, '98765432100'),
		(5, '77788899911'),
		(9, '99988877766'),
		(4, '44455566677'),
		(8, '12345678910'),
		(14, '22233344455'),
		(5, '66677788899'),
		(2, '77788899911'),
		(16, '12345678910');

-- inserindo projetos sociais
insert into projetosocial(projtitulo, projdescricao, projpublicoalvo, projjustificativa, projobjetivos, projdatainicio, projdatafinal, projstatus, projuscod)
values ('Construindo Comunidades', 'Um projeto para construir espaços comunitários que promovam a inclusão e a solidariedade.', 'Moradores de comunidades carentes', 'O projeto visa promover o senso de comunidade e melhorar a qualidade de vida dos moradores.', 'Construir um centro comunitário e organizar eventos culturais e educacionais.', '2024-03-01', NULL, 1, 5),
		('Educação para Todos', 'Um projeto para fornecer acesso à educação de qualidade para crianças carentes.', 'Crianças de comunidades carentes', 'O projeto visa combater a desigualdade social através da educação.', 'Construir uma escola e fornecer materiais educacionais.', '2024-02-15', NULL, 1, 12),
		('Horta Comunitária', 'Um projeto para criar uma horta comunitária e promover hábitos alimentares saudáveis.', 'Moradores locais de todas as idades', 'O projeto visa aumentar o acesso a alimentos frescos e saudáveis e promover a sustentabilidade.', 'Construir uma horta comunitária e oferecer workshops sobre agricultura urbana.', '2024-04-01', NULL, 1, 9),
		('Campanha de Limpeza', 'Um projeto para limpar praias e áreas naturais e conscientizar sobre a preservação ambiental.', 'Voluntários de todas as idades', 'O projeto visa combater a poluição e proteger o meio ambiente.', 'Realizar mutirões de limpeza e promover a conscientização ambiental.', '2024-03-15', NULL, 1, 17),
		('Oficinas de Artesanato', 'Um projeto para oferecer oficinas de artesanato para jovens de baixa renda.', 'Jovens de comunidades carentes', 'O projeto visa desenvolver habilidades criativas e gerar renda.', 'Oferecer oficinas de artesanato e criar uma plataforma de vendas online.', '2024-02-20', NULL, 1, 3),
		('Construindo Futuros', 'Um projeto para construir moradias acessíveis para famílias de baixa renda.', 'Famílias de baixa renda', 'O projeto visa combater o déficit habitacional e proporcionar moradias dignas.', 'Construir casas populares e oferecer assistência jurídica e social.', '2024-04-10', NULL, 1, 10),
		('Escola de Música', 'Um projeto para criar uma escola de música gratuita para crianças carentes.', 'Crianças de comunidades carentes', 'O projeto visa promover a cultura e oferecer oportunidades de desenvolvimento.', 'Oferecer aulas de música e promover apresentações culturais.', '2024-03-01', NULL, 1, 14),
		('Reforço Escolar', 'Um projeto para oferecer reforço escolar para crianças em situação de vulnerabilidade.', 'Crianças em situação de vulnerabilidade', 'O projeto visa melhorar o desempenho acadêmico e promover a inclusão.', 'Oferecer aulas de reforço escolar e material didático gratuito.', '2024-02-15', NULL, 1, 8),
		('Feira de Empreendedorismo', 'Um projeto para promover o empreendedorismo entre jovens de comunidades carentes.', 'Jovens empreendedores', 'O projeto visa estimular o espírito empreendedor e gerar oportunidades de negócio.', 'Organizar feiras e workshops sobre empreendedorismo.', '2024-04-01', NULL, 1, 16),
		('Cineclube', 'Um projeto para criar um cineclube com exibições gratuitas de filmes para a comunidade.', 'Moradores locais de todas as idades', 'O projeto visa promover a cultura e o acesso à arte.', 'Organizar sessões de cinema e debates sobre filmes.', '2024-03-15', NULL, 1, 2),
		('Plantando Árvores', 'Um projeto para plantar árvores em áreas urbanas e promover a sustentabilidade ambiental.', 'Voluntários de todas as idades', 'O projeto visa combater o desmatamento e melhorar a qualidade do ar.', 'Realizar mutirões de plantio e oferecer educação ambiental.', '2024-02-20', NULL, 1, 6),
		('Aulas de Informática', 'Um projeto para oferecer aulas de informática para idosos.', 'Idosos de comunidades carentes', 'O projeto visa promover a inclusão digital e melhorar a qualidade de vida dos idosos.', 'Oferecer aulas de informática básica e intermediária.', '2024-04-10', NULL, 1, 13),
		('Academia ao Ar Livre', 'Um projeto para construir uma academia ao ar livre em um parque público.', 'Moradores locais de todas as idades', 'O projeto visa promover a prática de atividade física e a saúde.', 'Instalar equipamentos de ginástica e oferecer aulas de atividade física.', '2024-03-01', NULL, 1, 19),
		('Biblioteca Comunitária', 'Um projeto para criar uma biblioteca comunitária com acesso gratuito a livros e computadores.', 'Moradores locais de todas as idades', 'O projeto visa promover a leitura e o acesso à informação.', 'Montar uma biblioteca com acervo variado e oferecer acesso à internet.', '2024-02-15', NULL, 1, 4),
		('Casa Abrigo', 'Um projeto para construir uma casa abrigo para mulheres vítimas de violência doméstica.', 'Mulheres vítimas de violência doméstica', 'O projeto visa oferecer acolhimento e proteção para mulheres em situação de vulnerabilidade.', 'Construir uma casa abrigo com equipe multidisciplinar de apoio.', '2024-04-01', NULL, 1, 11),
		('Reciclando Vidas', 'Um projeto para promover a reciclagem e gerar renda para comunidades carentes.', 'Moradores de comunidades carentes', 'O projeto visa combater a exclusão social e promover a sustentabilidade.', 'Implantar programas de coleta seletiva e reciclagem.', '2024-03-15', NULL, 1, 7),
		('Curso de Capacitação Profissional', 'Um projeto para oferecer cursos de capacitação profissional para jovens desempregados.', 'Jovens desempregados', 'O projeto visa aumentar as chances de inserção no mercado de trabalho.', 'Oferecer cursos de formação em diversas áreas profissionais.', '2024-02-20', NULL, 1, 15),
		('Teatro na Comunidade', 'Um projeto para criar um grupo de teatro comunitário e promover apresentações teatrais.', 'Moradores locais de todas as idades', 'O projeto visa promover a cultura e a integração comunitária.', 'Realizar ensaios e apresentações teatrais em espaços públicos.', '2024-04-10', NULL, 1, 20),
		('Escola de Idiomas', 'Um projeto para oferecer cursos de idiomas gratuitos para jovens de comunidades carentes.', 'Jovens de comunidades carentes', 'O projeto visa ampliar as oportunidades de educação e trabalho.', 'Oferecer cursos de inglês, espanhol e francês.', '2024-03-01', NULL, 1, 1),
		('Saúde na Comunidade', 'Um projeto para oferecer serviços de saúde preventiva e promover hábitos saudáveis.', 'Moradores locais de todas as idades', 'O projeto visa melhorar a qualidade de vida e prevenir doenças.', 'Realizar consultas médicas e campanhas de vacinação.', '2024-02-15', NULL, 1, 18),
		('Aula de Dança', 'Um projeto para oferecer aulas de dança gratuitas para crianças de comunidades carentes.', 'Crianças de comunidades carentes', 'O projeto visa promover a cultura e o bem-estar físico e emocional.', 'Oferecer aulas de dança de diversos estilos.', '2024-04-01', NULL, 1, 6),
		('Construindo Espaços', 'Um projeto para construir parques e espaços de lazer em áreas urbanas.', 'Moradores locais de todas as idades', 'O projeto visa promover o convívio social e a qualidade de vida.', 'Construir parques com áreas verdes, playgrounds e espaços para atividades físicas.', '2024-03-15', NULL, 1, 12),
		('Feira de Agricultura Familiar', 'Um projeto para promover a agricultura familiar e gerar renda para pequenos produtores.', 'Agricultores familiares', 'O projeto visa valorizar a produção local e promover a economia solidária.', 'Organizar feiras para venda direta de produtos da agricultura familiar.', '2024-02-20', NULL, 1, 3),
		('Caminhada Ecológica', 'Um projeto para realizar caminhadas ecológicas em trilhas naturais.', 'Amantes da natureza', 'O projeto visa promover o contato com a natureza e a conscientização ambiental.', 'Organizar caminhadas em trilhas ecológicas com guias especializados.', '2024-04-10', NULL, 1, 9),
		('Projeto Cidadania', 'Um projeto para oferecer serviços de documentação e orientação jurídica para moradores de comunidades carentes.', 'Moradores de comunidades carentes', 'O projeto visa garantir o acesso aos direitos básicos e promover a cidadania.', 'Realizar mutirões para emissão de documentos e oferecer orientação jurídica gratuita.', '2024-03-01', NULL, 1, 16),
		('Sopão Solidário', 'Um projeto para oferecer refeições quentes para moradores de rua.', 'Moradores em situação de rua', 'O projeto visa combater a fome e promover a solidariedade.', 'Distribuir sopas e alimentos para moradores de rua.', '2024-02-15', NULL, 1, 2),
		('Projeto Viva Mais', 'Um projeto para oferecer atividades físicas e orientações de saúde para idosos.', 'Idosos de comunidades carentes', 'O projeto visa promover o envelhecimento ativo e saudável.', 'Oferecer aulas de ginástica, alongamento e palestras sobre saúde.', '2024-04-01', NULL, 1, 17),
		('Aula de Fotografia', 'Um projeto para oferecer aulas de fotografia para jovens de comunidades carentes.', 'Jovens de comunidades carentes', 'O projeto visa desenvolver habilidades criativas e promover a expressão pessoal.', 'Oferecer aulas teóricas e práticas de fotografia.', '2024-03-15', NULL, 1, 5),
		('Bazar Solidário', 'Um projeto para arrecadar roupas, alimentos e produtos de higiene para famílias carentes.', 'Famílias de baixa renda', 'O projeto visa promover a solidariedade e ajudar famílias em situação de vulnerabilidade.', 'Arrecadar doações e organizar eventos de distribuição.', '2024-02-20', NULL, 1, 11),
		('Oficina de Jardinagem', 'Um projeto para oferecer oficinas de jardinagem para crianças e adultos.', 'Moradores locais de todas as idades', 'O projeto visa promover o contato com a natureza e ensinar técnicas de jardinagem.', 'Realizar atividades práticas de plantio e cuidado de jardins.', '2024-04-10', NULL, 1, 19);

-- inserindo dados de atividades de projetos sociais
insert into atividade(attitulo, atdescricao, atdataentrega, atstatus, atprojid)
values ('Oficina de Pintura', 'Uma oficina para ensinar técnicas de pintura em tela.', '2024-04-25', 1, 7),
		('Limpeza do Parque', 'Uma ação de limpeza e conscientização ambiental no parque local.', '2024-04-30', 1, 12),
		('Aula de Música', 'Uma aula prática de música para iniciantes.', '2024-05-02', 1, 9),
		('Palestra sobre Saúde Mental', 'Uma palestra para discutir a importância da saúde mental.', '2024-05-10', 1, 17),
		('Distribuição de Alimentos', 'Uma ação para distribuir alimentos para famílias carentes.', '2024-05-05', 1, 3),
		('Plantio de Árvores', 'Uma atividade de plantio de árvores em áreas de reflorestamento.', '2024-05-15', 1, 20),
		('Aula de Dança', 'Uma aula de dança para crianças da comunidade.', '2024-05-07', 1, 6),
		('Oficina de Reciclagem', 'Uma oficina para ensinar técnicas de reciclagem de materiais.', '2024-05-12', 1, 15),
		('Sessão de Cinema', 'Uma sessão de cinema ao ar livre para moradores locais.', '2024-05-20', 1, 2),
		('Bazar Beneficente', 'Um bazar para arrecadar fundos para projetos sociais.', '2024-05-25', 1, 11),
		('Aula de Fotografia', 'Uma aula prática de fotografia para jovens.', '2024-05-17', 1, 5),
		('Mutirão de Limpeza', 'Um mutirão para limpeza de ruas e praças.', '2024-05-30', 1, 9),
		('Doação de Sangue', 'Uma campanha para doação de sangue no hospital local.', '2024-06-02', 1, 16),
		('Feira de Artesanato', 'Uma feira para exposição e venda de artesanato local.', '2024-06-05', 1, 3),
		('Workshop de Empreendedorismo', 'Um workshop para estimular o empreendedorismo entre jovens.', '2024-06-10', 1, 16),
		('Aula de Culinária', 'Uma aula para ensinar receitas simples e saudáveis.', '2024-06-12', 1, 8),
		('Dia do Voluntariado', 'Um dia dedicado a ações voluntárias em diferentes áreas.', '2024-06-15', 1, 14),
		('Sarau Cultural', 'Um evento para promover a cultura local com apresentações de música e poesia.', '2024-06-20', 1, 20),
		('Caminhada pela Paz', 'Uma caminhada para promover a paz e a não-violência.', '2024-06-22', 1, 4),
		('Visita a Asilo', 'Uma visita para levar alegria e companhia aos idosos de um asilo.', '2024-06-25', 1, 17),
		('Plantio de Horta', 'Uma atividade para plantar uma horta comunitária.', '2024-06-27', 1, 1),
		('Palestra sobre Meio Ambiente', 'Uma palestra para conscientizar sobre a preservação do meio ambiente.', '2024-07-02', 1, 18),
		('Curso de Informática Básica', 'Um curso para ensinar noções básicas de informática.', '2024-07-05', 1, 13),
		('Distribuição de Brinquedos', 'Uma ação para distribuir brinquedos para crianças carentes.', '2024-07-07', 1, 10),
		('Oficina de Jardinagem', 'Uma oficina para aprender sobre cuidados com plantas e jardins.', '2024-07-10', 1, 19),
		('Campanha de Vacinação', 'Uma campanha para vacinação gratuita contra doenças.', '2024-07-12', 1, 7),
		('Distribuição de Agasalhos', 'Uma ação para distribuir agasalhos para moradores em situação de rua.', '2024-07-15', 1, 15),
		('Curso de Línguas', 'Um curso para ensinar línguas estrangeiras para jovens.', '2024-07-20', 1, 1),
		('Palestra sobre Direitos Humanos', 'Uma palestra para discutir direitos humanos e cidadania.', '2024-07-22', 1, 11),
		('Oficina de Teatro', 'Uma oficina para aprender técnicas teatrais e de expressão.', '2024-07-25', 1, 4),
		('Mutirão de Pintura', 'Um mutirão para pintura de escolas e espaços públicos.', '2024-07-27', 1, 8),
		('Feira de Livros', 'Uma feira para troca e venda de livros usados.', '2024-08-01', 1, 14),
		('Aula de Capoeira', 'Uma aula para aprender os fundamentos da capoeira.', '2024-08-05', 1, 19),
		('Palestra sobre Empreendedorismo Social', 'Uma palestra para discutir o empreendedorismo social e negócios de impacto.', '2024-08-07', 1, 5),
		('Limpeza de Praia', 'Uma ação para limpar praias e conscientizar sobre a preservação marinha.', '2024-08-10', 1, 2),
		('Curso de Primeiros Socorros', 'Um curso para aprender noções básicas de primeiros socorros.', '2024-08-12', 1, 16),
		('Sessão de Contação de Histórias', 'Uma sessão para contar histórias e estimular a imaginação das crianças.', '2024-08-15', 1, 9),
		('Aula de Yoga', 'Uma aula para praticar yoga e relaxar a mente e o corpo.', '2024-08-20', 1, 20),
		('Feira de Artes', 'Uma feira para exposição e venda de obras de arte.', '2024-08-22', 1, 3),
		('Oficina de Costura', 'Uma oficina para aprender técnicas de costura e customização de roupas.', '2024-08-25', 1, 10),
		('Doação de Material Escolar', 'Uma ação para doar material escolar para crianças carentes.', '2024-08-27', 1, 18),
		('Workshop de Fotografia', 'Um workshop para aprender sobre técnicas avançadas de fotografia.', '2024-09-01', 1, 6),
		('Aula de Culinária Vegana', 'Uma aula para aprender a preparar pratos veganos.', '2024-09-05', 1, 13),
		('Campeonato de Futebol', 'Um campeonato para promover a integração entre jovens.', '2024-09-07', 1, 1),
		('Feira de Agricultura Orgânica', 'Uma feira para venda de produtos orgânicos e sustentáveis.', '2024-09-10', 1, 16),
		('Palestra sobre Violência Doméstica', 'Uma palestra para discutir formas de combater a violência doméstica.', '2024-09-12', 1, 8),
		('Mutirão de Manutenção de Praças', 'Um mutirão para realizar a manutenção e limpeza de praças.', '2024-09-15', 1, 17),
		('Oficina de Artesanato em Papel', 'Uma oficina para aprender a fazer artesanato com papel reciclado.', '2024-09-20', 1, 4),
		('Visita a Orfanato', 'Uma visita para levar carinho e atenção às crianças de um orfanato.', '2024-09-22', 1, 12),
		('Aula de Bordado', 'Uma aula para aprender a técnica de bordado.', '2024-09-25', 1, 19);
        
insert into voluntariodiasemana(voldsid, voldscpf, voldsturid)
values (1, '12345678910', 1),
		(2, '11122233344', 2),
		(3, '77788899911', 3),
		(4, '33322211100', 1),
		(5, '44455566677', 2),
		(6, '98765432100', 3),
		(7, '55544433322', 1),
		(1, '99988877766', 2),
		(2, '12345678910', 3),
		(3, '98765432100', 1),
		(4, '11122233344', 2),
		(5, '55544433322', 3),
		(6, '44455566677', 1),
		(7, '77788899911', 2),
		(1, '22233344455', 3),
		(3, '55544433322', 2),
		(5, '98765432100', 1),
		(7, '22233344455', 3),
		(4, '33322211100', 2),
		(5, '12345678910', 3),
		(6, '77788899911', 3);
        
-- inserindo dados de funcionamento de projetos sociais
insert into projetosocialfuncionamento(projfunprojid, projfundsid, projfunturid)
values (1, 1, 1),
		(2, 2, 2),
		(3, 3, 3),
		(4, 4, 1),
		(5, 5, 2),
		(6, 6, 3),
		(7, 7, 1),
		(8, 1, 2),
		(9, 2, 3),
		(10, 3, 1),
		(11, 4, 2),
		(12, 5, 3),
		(13, 6, 1),
		(14, 7, 2),
		(15, 1, 3),
		(16, 2, 1),
		(17, 3, 2),
		(18, 4, 3),
		(19, 5, 1),
		(20, 6, 2),
		(21, 7, 3),
		(22, 1, 1),
		(23, 2, 2),
		(24, 3, 3),
		(25, 4, 1),
		(26, 5, 2),
		(27, 6, 3),
		(28, 7, 1),
		(29, 1, 2),
		(30, 2, 3);

        
-- inserindo participação de voluntário em projetos
insert into voluntarioprojeto
values (1, '77788899911'),
		(2, '55544433322'),
		(3, '98765432100'),
		(4, '33322211100'),
		(5, '44455566677'),
		(6, '98765432100'),
		(7, '55544433322'),
		(8, '11122233344'),
		(9, '77788899911'),
		(10, '12345678910'),
		(11, '77788899911'),
		(12, '33322211100'),
		(13, '44455566677'),
		(14, '11122233344'),
		(15, '98765432100'),
		(16, '55544433322'),
		(17, '77788899911'),
		(18, '12345678910'),
		(19, '44455566677'),
		(20, '11122233344'),
		(21, '77788899911'),
		(22, '55544433322'),
		(23, '98765432100'),
		(24, '33322211100'),
		(25, '44455566677'),
		(26, '98765432100'),
		(27, '55544433322'),
		(28, '11122233344'),
		(29, '77788899911'),
		(30, '12345678910');